PIDN,Ca,P,pH,SOC,Sand
09gt9UK5,-0.48527016963,0.199978873854,-1.23937003066,-0.501644308665,1.59440139109
0BVvxJ6a,0.581314187217,0.638097744598,0.949237477933,0.376920505453,-2.05473161885
0KbdgApg,-0.0297704751601,-0.190692709219,0.497939192443,0.00180499738299,-0.418304624847
0MnuuduB,0.120082044449,0.848360718625,-0.0948947035528,0.290900336922,-1.81779743098
0PcIsF9z,-0.759945078263,-1.2873105368,-1.68566478042,-0.0917650142959,-1.55894696543
0ShTFLYJ,-0.286019741877,-0.218293028442,-1.02581906794,-1.48280065867,0.808574910798
0XZh9jka,-0.341195830468,-1.09662980711,-1.97432141014,-1.17829138797,-1.135417853
0Y7Wegri,-0.890915728658,1.39018955833,0.316090147723,0.131258190198,0.878209576574
0dTqplIM,-0.0457895320176,-0.337435811424,-0.0205970100979,0.331784327085,-0.563252572213
0lNiZicC,-0.883395811748,-0.565528015646,-2.7561388129,-0.967257905511,0.446354381568
0rGeJ0QN,-0.631198311615,-0.334182413492,-0.532380371314,0.679833618804,-0.890767331771
0sXI9ytQ,-0.80471844161,0.0266651300921,0.0777264210447,-0.387007208506,1.01276477023
0ukt4aP6,0.551481269568,-0.788094670345,1.05148297704,-0.747872886893,1.05385347774
1AGspb8f,-0.0236014482758,-1.98593499608,-1.91178562517,-0.351521664221,-0.723035825051
1Csy0gvE,-0.53297400515,0.240957602907,0.0579699432817,-0.473264318593,1.01376048511
1Ic2hly1,-0.0635121535774,0.358522091286,-0.602807732676,-0.385474061852,0.901990681654
1PPbaTwt,-0.584207478475,0.129975007497,-0.841581176261,0.087743775474,1.40680810994
1SO5VJNy,-0.261635202638,0.0791266220021,0.300062632696,0.0198828702903,-0.348877460435
1arHxK3Y,0.744872164468,-0.295845079686,1.65987665643,-0.240965146742,-0.205210359168
1fCW4Bba,-0.714056769325,1.0348610315,-0.960406404371,-0.627415960086,1.13366761363
1qDZNvIm,-0.152175537228,0.832429447635,0.28267304008,-0.476706302017,0.649195344834
28LYJC2V,-0.323169060185,0.0833261945168,-0.808987342435,0.723001517038,-0.905802602012
2CzACvQq,0.37176669253,0.222040059531,2.07593195982,-1.18608227691,-0.319882338581
2FT3crfv,-0.129950949767,-1.32057061622,1.18551306961,0.320849494798,-0.607945654799
2Fy2uHVg,-0.474915952965,1.95215958213,-0.685502814247,0.0392494211548,-0.519156339292
2MkMEApm,0.208238973865,0.595945197909,-0.29952244082,-0.546758920238,2.33518586557
2NDGWEOe,1.22968541596,-0.241105978858,1.51320344059,-1.14100728555,0.312823386061
2NyyCiqn,-0.274605175729,0.537945291215,0.082835184264,-0.243860028852,0.351582909928
2QRzIb84,0.173792444584,1.98942914603,2.07476597665,-0.833663437647,0.428160389137
2QcbdrUZ,-0.248874603899,0.626406222379,-0.155288440965,-0.372434380889,0.208119034884
2YgAimWK,-0.506441019253,2.21235275167,-0.521604225302,-0.763046037434,1.32368479217
2cx85d9H,-0.253719676979,0.310230658704,0.718471850852,0.34232538532,-1.14795056138
2homMXMV,-0.958831449697,0.545889661658,-1.71594027784,0.0435439883829,-0.593589689207
2ldLrUtq,-0.566216306698,0.376776214936,0.361253859812,-0.354001172364,0.726312126984
2nsACW6G,-1.13091953616,-0.609974566388,-2.28624022464,0.554090420461,-0.342975393561
2yMbVnWc,-0.367667435535,0.890609673505,-2.13016587181,2.90264994065,0.820376076309
36r8sgGQ,-0.368639832735,-0.24458180432,-0.380935832234,-0.0247393301133,-0.13958267128
3NXAXCl3,-0.611294334443,0.706764265221,-1.87378215923,-0.204374711546,-1.05372435948
3QG0z6fl,-0.391279666972,0.729206025359,-1.30466891954,-0.120043374762,1.47297098971
3WS8R9qm,0.184200128435,-6.13133307122,-2.46953662769,1.09804741963,-0.747067307979
3fRLm8f5,-0.397138527728,0.291701677807,-0.624036119105,-0.143490155736,-0.0624707221205
3mZhp1nQ,-0.848767835464,0.608955926108,-0.366212583069,-1.09886101553,0.718657878215
3pikJXRL,-0.930185748649,1.57010428517,-2.80397256588,0.429459272642,-0.00995507968664
3pxOEGHL,-0.2666820119,-0.708233898339,-0.772500841695,-0.831853692948,0.559767815665
3ttdV3f5,-0.402338656965,2.41940033049,-0.339907293038,-0.146408657406,-1.06780765777
3v4X6Mfe,1.49013866072,-1.35869915407,2.1468472992,0.696244837764,-0.158753937149
3wORuPiv,-0.225006372983,2.1116859042,-1.38677235556,0.227892067392,-0.206061764774
43EfrxZj,-0.0431286963416,0.494499529739,-0.953779048389,0.0903450485755,-0.347486933867
457Vwm21,-0.0213213704311,2.08682768655,-0.0374355808272,0.689026596576,-0.318999481506
46KNnOdx,-0.454637157337,0.55587448054,-1.07573915789,-0.237004400388,-0.225760538793
47TwNsVC,-1.27025141488,-1.50043187416,-1.96436599371,0.696724453047,-0.963959518962
49856RpO,-0.683412033443,-0.422236980357,-0.477720162105,-1.00982103388,-0.52030612676
4Ane1o2N,-0.403862632183,0.35589541473,-0.090377702486,-0.593855304912,0.268118167736
4AyVUgSc,-0.607018007084,0.218813509775,-1.48174241171,-0.92167930401,0.469815706469
4B1951On,-0.653088000685,-1.09402310829,-0.00921485461985,-0.656321680463,1.26829840297
4OL39Teo,0.206760204307,0.98590683042,-0.145249918584,0.199284401355,0.947680716235
4eQ90eLY,-0.158229946664,1.70041227477,-0.687692687451,0.837478283216,0.489388623462
4o5jwMj8,-0.451646806322,-0.605278258714,-0.856316780126,-0.297806394015,-0.050907179649
4vPgpl2c,-0.286707021831,0.343104672384,0.0862090455003,-1.36960850071,0.487889376602
51r9aA0d,-0.538119591575,-0.640845657361,-0.133896570254,-0.60228217208,0.907286122115
58SmeRoP,-0.447951064774,0.127742951229,0.157614087637,-0.22694556042,-0.368230740505
5HJp1AXn,-0.473431205683,-0.69249518225,-0.302914706449,0.926598521387,-0.66291252612
5MBZW7fx,0.355627735175,-2.15368939967,0.310758763374,-0.888114317534,0.995154097146
5Nq3gHaP,-0.195373616503,1.85540674966,-0.507530354882,0.87585888649,1.13293176988
5RmwFFK3,0.0104437708305,4.18270305085,0.305230762487,0.290884290506,-1.89982436459
5Tu5Jbov,-0.442089567836,-0.282388755271,-1.04968623146,-0.408819319944,-0.637140329483
5YEolkev,-0.324743276098,-0.783354789926,-0.28837902166,-0.210043233301,0.121778681454
5a8sf6QV,-0.273782571828,-0.532503252353,0.838144302266,0.206032946383,-0.590788964009
5eSvmqYm,-0.265901771728,1.36520580913,-0.00749404208809,0.259441337432,-0.89406958162
5hkN8fiv,-0.587422772291,-0.96978585672,-1.26080940034,0.686781760491,-1.09028147173
5oK8Gti5,-0.258567863274,-1.26059843952,-0.855776182659,-0.44160804452,1.74671687848
5paniGaU,-0.771148033155,-2.29201567814,-0.130969544498,-1.08362787314,2.06726245143
5vsr7ZUP,0.396245329551,-0.326619248198,1.23623161631,-0.110307516255,-1.76421274173
60B4xMWI,-0.490651051338,0.652982192489,0.89147001083,-0.849228166758,0.94345497587
64jOUtKy,0.043389526198,1.6689225061,0.116094564156,2.83259682172,-1.67230348981
6AJo4xNG,-0.326412389387,0.763396984608,-0.719666364633,0.482973474269,0.610314824586
6CAvhEte,0.00271906777087,0.216618896143,-1.31870687165,-0.0086966722979,1.55763818754
6CuGYjT5,2.36348264721,2.96766017999,2.16548085509,0.372520149238,-2.03874558299
6DGH8ujZ,-0.83215585147,-0.146742380313,-1.69744987824,0.600966580807,-0.61871109057
6PzsGdVm,-0.22272426835,0.959648832533,-0.768039674866,0.61315400934,-0.622507212501
6UcSJMbq,-0.844562973329,0.612655514734,0.0405127296653,-1.59346197361,0.991467091113
6WJbkH8U,1.40460262536,-0.912662421308,1.43887769054,0.088670625398,-0.689233734897
6eUWsVzw,0.77815588257,2.47680120394,1.46944252866,-0.49030172579,-2.40325606566
6gNyO7Do,0.0742792560804,-0.417956396476,0.159101120919,0.67389472876,-1.10337639005
6jT0AyHe,-0.0585393522787,0.0195761947211,1.01660770985,0.242486990764,-0.853391819632
6nBgCvWu,-0.772031930067,-0.155859861837,-0.698806920275,-0.329739623876,0.554721477867
6ro5mqg6,-0.0607337363292,0.715133038598,-0.147106489231,-0.203842243194,-0.170771985303
6sGqObX4,-0.853642567074,1.02977731655,0.020769711113,-0.39962124223,-0.934626794166
6uEGy0n4,2.5683005037,1.4361596638,2.6683459512,-0.283497265065,-0.677096362629
7BZ4LxP8,0.684545105517,0.316541168375,-0.346491012089,0.00894670578305,-0.864579065544
7CmigXKi,-0.0573039169631,0.0446783792469,-1.2837187743,-0.512985648924,1.2405563423
7Ga0LpfR,-0.350269407034,1.40564558083,-0.603981115374,1.82231477919,-1.09489955106
7PQsFvsG,-1.01701827039,0.304003503464,-1.40093785715,1.36656577646,-1.11475695105
7aF7nnwn,-0.461300525768,-1.28366043239,-1.68056865672,-0.720469571486,2.10986140518
7asGzfX9,-0.0695909262382,-0.534030425347,-1.13641512433,0.109444523548,0.822347560341
7cg7C92o,-0.706454076786,0.040985121149,-0.0835525453821,0.489839724021,0.931956517524
7eOxTpsB,-0.575628281258,2.09824837237,-0.111250341433,-2.06245298577,1.66454833117
7ey0v7ma,-0.841610509185,-0.816877907611,-1.39737317656,-1.31862784106,-1.91150011966
7gocyrYl,-0.258598038519,-0.889715992698,0.0910234085589,1.03254230236,0.118929297955
7gqR3GoA,-0.2645465552,0.438638391676,-0.343901170886,-0.387657464791,-0.557179141074
7og7aUXB,0.140270449344,0.356995546663,0.528994903409,0.188797878563,0.243253140563
7onRfa8F,0.373186239387,0.618253570219,2.0611557754,0.0773200409532,0.692243717355
7umkNuxM,-0.145139557477,0.338079183327,-0.139795737992,0.639968101451,-1.06642774103
7vPr9ExD,-0.18186840578,0.300133529409,0.965758937566,0.524589945669,-1.22888480756
7zNjpCzu,-0.596289070609,-0.57667766204,0.114880288648,-0.626997816512,-0.807313528099
7ztsQNj3,-0.178624479693,1.5702203022,0.648620834997,-0.778918059898,-0.939702982748
86gppwMI,-0.698969901112,-0.0701158829962,-2.1229488278,-0.0823102839828,1.12656288494
88thAGdL,-0.65381849151,-1.05300143622,-0.190904050938,-0.593151022891,-0.0634337415894
8GhU8STP,0.767340206258,1.50897143405,2.01517805834,0.0475874178391,-0.519933858265
8NlzDcWe,-0.225136116806,-2.01251548658,-1.81143365549,-0.620457048569,1.21049288918
8QAejdLW,-0.248444915138,0.294726154953,0.786440108404,0.413533009268,-1.14973167917
8RDeFxWM,-0.275426154116,0.676311652059,-0.150916627812,-0.219874320572,0.970253387632
8UXP2NBS,-0.125198183686,-0.306653895412,-0.731773493441,-0.178496278542,0.168497420694
8ZoV3KGT,-0.685901803294,-1.1297066376,-0.608068215525,-0.440335116373,-0.400171038649
8ajs2uG8,-0.736271142284,-0.05855374892,-1.09131834825,-0.463288224121,-0.606257482214
8bXnz62p,-0.837108269115,-0.238329046004,0.157521371792,0.0588255410203,1.43923175657
8nO1O1LG,1.52410159623,3.54985032096,1.89147685192,1.45616703096,-0.344557930219
8xE1p8g8,-0.310613637572,2.36554162957,0.254535745926,0.899114260335,0.29572987355
8yMDVMRM,-0.330841535922,-0.0772201468072,-0.42272482132,-0.780403920451,-0.481915311035
98R5VaPi,0.494907530425,0.312991273272,2.50468025862,-1.04244046301,1.75828500931
9DcTz2Ua,2.2484806446,1.05557131773,1.30051601638,0.016955241034,-1.13790890625
9G7nfUrK,-0.367629143513,0.803984182153,-0.854795272485,-0.395235293695,1.70310043041
9O6GZ1HT,-0.723825019667,2.66555913752,1.1577342483,-1.12885316831,0.806949109855
9S7fCoAM,0.00645665413744,-0.0392930953563,-0.192787175907,-0.429286062216,0.659102944814
9iQwmFJR,-0.457317946021,-2.4642617842,-0.762387823382,-0.437429257108,0.681697856228
A3Mt6SAQ,2.47321400562,-0.477152409342,2.40355628784,-0.935924933912,-0.0458452707479
AJIsQIcV,-0.483494552484,-0.989371797109,-0.861364512924,0.0923400797274,1.44484186911
AMHKXMh8,2.48169335019,0.896274872714,2.30050505872,-0.802411216692,-1.02143333995
ASwA2J4E,-0.240663035548,0.762155216915,0.15092376767,0.0218305179076,0.0249755146409
AaFvEoHq,-0.65101937137,1.09983291834,-0.816144939383,-1.87043596078,0.654945991147
AiIPD6hX,0.102818486515,0.752839271499,-1.12168931483,0.880710871301,-0.296260206908
AsIURvJS,0.0895726902142,-0.599810962994,0.0932927486077,0.828134860616,-0.456977101929
AsvgbJ0C,-0.536282396405,-0.602301294198,-0.405371455557,1.39497800126,-0.877878356526
AxEhbkCM,-0.0886490917432,0.629076792623,-0.423396728936,0.559411415411,-0.311652619741
B7VPkIpx,-1.08965007167,0.420913813159,-0.131663459743,-1.60192285958,1.89504287725
BBwHqHiH,0.362819883715,1.79716547685,1.38542188888,0.0586524800614,-1.08792940724
BMyps8hr,-0.483565358676,-0.421848040417,-0.917533893823,0.561549536399,-0.877245605816
BUHS4dQw,0.434360344404,1.4382505074,-0.0657330000806,3.49131405649,-1.50923587226
BZB3EYWQ,0.232540689125,0.927636596433,0.834104861444,-0.371468786171,0.164807260257
C5UPCZcL,2.95310704783,1.71772185606,1.07019984654,0.533906505859,-1.3348785179
C5gIfQbJ,-0.799409510914,1.52511163832,-2.54625275768,1.15225228146,-1.17106803
CDRuu4Pn,-0.583598796901,-0.630308112335,0.0343238920951,-0.0757835871903,0.904927784713
CQhTYkqE,1.09138118383,2.6876619903,0.43761287997,0.731824024045,-2.5832926513
CSEobMXv,-1.45595421385,0.948521902674,-1.87640440751,0.580151386668,-0.0794824966476
CYMQE4x0,0.482250949,-0.867442511118,1.14467973307,0.732785568443,0.898645831922
ChQdtl4J,-0.22772629403,-0.4956233015,-0.753096008444,-0.782204260364,0.356723576563
ChnD1nrN,-0.580130818088,-1.73030011067,-1.50859417595,-0.71467458361,0.278577868501
CvtbbIcq,1.10603747775,-1.63872137993,1.21555157991,-0.207281570279,0.134463065101
Cxk06b77,-0.341600025477,-1.64454140126,-0.128215663816,-0.285663447399,0.326387212081
D3QD3ZEJ,-0.222847515333,1.46393077536,0.803923102448,0.610198946563,-0.108436602174
D8J5C6lA,0.619064398402,-0.0115313050552,1.72609234371,0.0133270039785,-0.371146628315
DCeQwYfT,-0.417491503004,0.266587576118,-0.167150616274,0.203178029433,-1.28850916633
DDEftkx3,-0.43871359553,0.344442392403,-0.550296228348,-0.755494584867,1.49255715255
DEwCfeDW,-1.19958965436,-0.868195655837,-0.995537551883,-0.535132215188,1.46242955672
DMkIV4oL,-0.396563213544,-1.32595404946,-0.86948606618,-0.244749782792,0.175574610307
DnzGfbxS,-0.0448664377174,0.127925735803,-0.605054661586,0.435247597264,-0.92511354987
DoZxo6f6,0.153228575564,0.984342689133,0.161813029666,-0.549207018611,0.989324543058
DvhBPGIk,-0.707820669484,0.440187795242,0.125450034579,-0.348391032684,-0.398182649565
Dx7GoUcT,-0.511561002238,-0.244792020285,-0.912396721929,-0.718315928849,0.726167917463
E5hIjohO,0.923036250107,0.922728776391,-0.854493701762,1.03566742693,-1.52133183339
E6x4XGHt,-0.397619955113,-0.944512839482,-0.513370172526,-0.624136223484,1.68946025965
EDEpAzh1,-0.68291701587,-1.34842825025,-0.869962605044,0.652264606444,-1.48432356827
ETGudkQt,-0.08784107354,1.02027662296,0.18170361826,-0.447700373779,1.21545726448
EUleKrLJ,1.21863646357,-1.0597471926,1.68450249035,-0.364476791976,0.366624571635
Ehw2Jz6s,-0.210978096504,0.243556906673,-0.153591257959,-0.788670053994,-0.336086376285
EjqzC4zH,-0.688470749303,-1.67707023784,-0.353457684304,-1.28239166501,1.04167478442
EkMZO3Qj,-0.132418166542,0.675977589583,-0.324968381154,-1.25609990678,1.04999473923
EnoNXWvU,-0.500732070111,-0.10792105067,0.835571829303,-1.75414521087,1.5613746055
Epv8ANwr,-0.290378441268,0.432902260617,0.457286803014,0.573340424868,-0.125540591581
Etro9j0B,-3.13416130578,-1.04013654377,0.137771754574,-0.582564907572,-0.71296760232
F3MIZj76,-0.647418144608,-1.1986948406,-0.636372797901,-0.499886277404,-0.621344843407
FB8tU00K,-0.403278834345,0.0179747915934,-0.837169157068,0.133393266335,-0.607716763277
FLhxBGMK,-0.0672408858571,-0.142853285829,1.05230934024,-0.438481940918,-0.903295115444
FRreR8ka,-0.231784179053,-1.40688852054,-0.487631832925,-0.821665053296,0.6447164122
FXne4oAV,0.297970330317,-1.37355641277,1.031112513,-0.650478138154,-0.710736589347
FaW764jk,-0.906386453218,-1.2328222613,-0.0433515474906,-0.813266741901,0.968589941782
FeAbMXly,-0.67179403877,-0.661830519479,-1.27762386535,-0.317716736304,0.106508246392
FeudaFXn,3.18807124373,-0.747643562761,-0.553925819361,0.532996378835,-0.617747663129
FldUmFeM,1.2262347141,0.774528204411,1.55508530378,-1.67065112289,1.06909662848
Fnv5tfAm,-0.419401344386,-1.8490845062,0.079597304759,-0.165087083655,-1.90755629841
FvrAd3Or,-0.654320625232,0.31099621318,1.00021880523,-0.622844975609,0.802342505801
G48zHffi,-0.466666216581,2.59532061806,0.934401331417,-1.74742297295,0.832778006592
G76zCv5N,-0.0725247361934,-0.322427106492,-0.144374674728,-0.608412457827,0.831478785899
G7JGUdNf,-0.336287075197,0.65384305989,0.829436520682,0.223689254638,-0.77373123458
GCo6MONx,1.07995348043,0.225001430365,2.09407377002,0.182937365038,-0.547273322771
GE0vbpVQ,-0.229864412893,-1.28448508556,-0.2563150603,0.0576095479269,1.10813579737
GN0DfOqt,-0.56220615731,0.532384910386,-1.084430735,-0.810422352782,1.84337726922
GNsTAb1v,-0.32495927783,-1.55668514513,-1.1720577943,-0.946790364022,-0.765230590739
GPwmO21z,-0.310669638896,-0.74565070907,-0.647078523206,-0.316004516467,-0.551539616909
GQYpfLoh,0.149322613073,4.66003237736,0.414987992113,1.02454172203,-1.82241223481
GR9knT8n,-0.863047253001,0.661839949339,-1.46210946043,1.0186598304,-0.695672329576
GXtFFbZy,0.00485716733247,0.508785359377,0.477282626155,0.0550123220016,-0.112669962377
GYvzvvFD,-0.693361634003,0.723542399582,-1.59043457402,-0.324144342616,-0.0261318431591
GemPjTJ9,-0.127701826209,-0.88767824261,-1.7297927115,-0.344838304796,-1.16674102351
GkLYRm1K,2.74986878743,0.566880084967,2.05067353405,-0.41124185843,-1.31267082977
GmlqP8eI,-0.594297869331,1.84023882249,-1.00446165893,0.73075375096,-0.125335803097
GqkIrOvf,-0.473050517904,0.195785014378,-1.60358243941,0.472594852207,-0.530154596253
H0fsegPi,-0.131319555944,-0.228241920819,-0.0857274497944,-0.505037210547,-0.131671341656
H4dHpJjU,2.17645538309,1.48142630318,1.55165198104,-0.0421902077051,-0.758812883542
H5QwJCuU,2.56398874884,2.0348297562,0.721770402397,1.47557791264,-1.47264893207
H5uwmSZ0,-0.0233563515772,0.834007571497,-0.260892669191,-0.629278794951,0.973838554359
H8MtbVoL,-0.601406024368,0.405270165849,-0.00996885934442,-0.442290677459,-0.0486395238398
H9JrUYnp,-0.39693546742,-1.09753018903,-0.668418812941,-0.375970077275,0.504136232469
HHYmmHVk,-0.896638061831,-0.853028250115,-0.716260479706,-0.615033781337,1.05612666507
HJ5U4uqL,-0.663615798209,-0.149034222524,-1.55421602411,-1.22299000576,0.150672736834
HNQxYc4w,-0.491343146045,-0.762453670362,-0.827437648145,-0.0518396395068,-0.431864824801
HQYhKHZ8,-0.187071150301,1.45544840074,-0.541684809127,0.011535924794,0.414939703846
HSCMx0MC,-0.237268929673,0.0920046219029,0.424917148162,-0.399731000456,1.25143033852
HXYuE0fx,2.3305313623,-0.754412384482,1.63990030334,0.448260695611,-0.907296443783
HdKcxEWr,0.0754892022469,1.69860774781,0.0765873522449,-0.0878591604301,0.939178913452
HecW1iCC,-0.32508136419,1.44884470169,-1.6148901702,-0.0461452639006,-0.628664483275
HpbKB8rv,-1.29650115776,-0.611360613053,-2.92310762609,1.44700605307,-0.0578298221255
HrkoYjCg,-0.189572703371,-1.08548071547,-0.413175747543,1.32180595212,-0.730392737443
I5P2uquT,-0.657371882862,-3.32627700261,0.775100274908,-0.119014859991,1.11687179468
I94qkDM7,-1.21413558583,-0.446716083372,-2.45437488924,-0.49273658744,0.291982795545
I9sQbtt8,-0.521858500668,-0.542900784954,-1.07013620747,1.60471603548,-1.31178262584
IFxgw6ZX,0.151405419722,0.319932298071,-0.653058976066,-0.374454639102,-0.267107312262
IPPPSyoU,-0.773640205823,-0.145120237249,-1.02296149895,-0.444223020501,-0.843144092318
IQOYQubU,1.52751958701,0.331642522086,1.43879358935,-0.19157813893,-0.170320086642
IYNE2SxU,-0.328221206286,0.374981139298,-1.04445290129,-0.430268188195,-0.461349661032
IZRFk9kN,0.19881370149,0.666963030549,-0.687042028759,-0.260926427689,0.0323569679733
Iaq3v0t3,2.12470025353,-0.761205629357,2.0513915167,-1.05726908582,0.388026851102
IbVwu1t6,-0.645790512073,0.739283475248,-1.82835240503,-0.181985699587,-0.757448817882
IcHKTLyo,-0.200232921264,0.742485852685,0.416714037305,0.203473618161,-1.59865032472
IpW80wVB,-0.370531713673,0.350735326518,-0.250316484729,0.160535537406,-1.35613135778
Itb0PYUV,1.5671790999,1.48075561946,2.15702586514,0.291240617804,0.0412850457051
J8fpSwS0,-1.29211348466,1.966805302,-0.151953242458,-1.52451666158,1.00326678788
JE1SlbD0,0.546730259634,2.03202569491,1.06050665891,2.10502092674,-1.73120101371
JEB4McNb,1.20613481647,0.435136729103,2.28347667041,0.153632010379,-1.55865913152
JEE4QVeQ,-0.748311767618,-0.880881866717,-0.255678670985,-0.50091591574,-1.12728995776
JJSEU2VQ,-0.95192336569,-0.564108796204,0.383293020409,-0.870190496854,0.983241316502
JSsVriP2,-0.251252715092,0.152618433634,1.19980149305,-1.24940719536,0.65447101818
JUvQNiOK,0.128918692988,-0.873943301903,-0.191749996227,-0.030348670164,0.160919855192
JZbrRtm2,-0.61599414331,1.58558985908,0.743884894687,-1.37968468399,1.60065040113
JcE9G92B,-0.0594574765512,0.275460769937,0.0344036429288,0.557303128896,-0.152643124993
JnNYpXHr,-0.41875402895,5.07395554036,-0.352064596322,2.17109778329,-0.801830284362
JzpbnOtz,-1.01098667704,2.19492035433,-1.17405631099,-1.8442217728,0.520368485351
JzzUhPQp,2.78140860503,3.09749006765,2.67848250024,-0.845802489954,-1.08329387199
K05R8dQK,-0.685439765722,-2.47699606207,-0.925407046614,0.294275478285,-1.10093809603
K17pG2mG,-0.339725474325,0.301621490475,0.644228498492,-0.710663987639,0.545651885148
K8BellUe,0.500735300221,-0.440543003261,0.416389049282,0.0754705793374,-1.61454435651
KJ2eH6rr,0.207419538499,-2.30582864285,1.19776105655,0.221237917256,-2.03048658718
KJEJ6Glk,0.757437606455,2.26571068961,0.744822209615,1.73339131374,-1.81273391692
KSbO0oXS,0.590818055949,4.37116856452,-0.527819258419,3.71500535156,-1.69899662803
KXtvmd01,0.0185721396021,0.11490223528,-0.194236597027,-0.729859610279,0.163061461397
KYiJqBuJ,-0.227684692356,0.0708642610295,1.40642983038,-0.632349487671,-1.11788634049
KmbAyTcE,-0.44430726042,1.40948866942,-0.243358353568,-0.450477668273,0.970823432673
KnNyl3rV,-0.289381366897,-0.924142885491,1.18198405394,-0.140758724738,0.807757685864
Kp2DG8TZ,-0.859684222735,-0.318895885561,-0.616618392595,-1.04914053809,1.45563567063
KqQtKWs5,-0.260225764051,-1.26302659881,-1.36949633496,-0.59314713761,0.765643171433
Ku27g63R,3.07451883811,3.01759903366,1.5255457959,0.0265766105046,-2.33202245453
L2aTVqDq,-0.612764074759,-0.0589035617292,-1.73802195138,0.700660251707,-1.04117169062
L5jvq6G4,-0.419365771595,-1.3572887534,-1.02930291478,-0.449644826802,1.35338849336
L91hYVQl,-0.51239940516,-1.75242224206,-1.42528136478,-1.21306183822,0.459502157721
LINAMlbA,-0.651333859141,1.02765460448,-2.1421447146,0.618567328288,0.866823478972
LJoUNXSx,-0.797276649124,-0.384788715961,-1.674500696,-0.0364026616674,-0.77006113746
LLtSiyWD,-0.0658025236516,-1.08442395116,-0.0834465310424,-0.749506381013,-0.4744925709
LQJtV8kn,-0.147954860546,1.08651520727,1.563576313,0.2417748659,-1.62542739523
LW9uddw7,-1.02839211137,-1.15562645434,-1.35352745688,0.256412844849,-1.51363424566
LZ6sdBTR,0.810163919535,2.00851288094,1.95003751907,-0.459483418465,-1.08534375349
La2Vhnne,0.105272925422,0.134007065358,-0.600788117257,1.55367182148,-0.0620663564637
LaUWSq9B,0.116215669622,2.2702743567,-0.401181407976,0.266322384201,-1.56023496938
Lk4SfkPQ,-0.0603426015065,0.161716708336,-0.943779542377,0.269322170792,-0.673107005348
LllC836d,-0.182962433778,0.859202735767,-0.277681472908,1.30493793686,-0.570514110414
LuGiGeWN,-1.01700635446,1.17774072254,-2.21242222062,-0.35383628715,1.11522065713
LzcyHcWa,-0.364039903955,0.0528168510363,-0.897242368545,-0.156817538951,-0.03813024185
M7veP0H4,-0.226372237116,-1.74719732598,-1.3382184603,-0.461860441718,0.808451990193
MB8aaJUc,-1.22490227507,-0.170873024972,-1.78340993465,0.247346686668,-0.206438522729
MDpe2zuy,-0.483947258772,2.7597171176,0.625665833293,-0.670850051904,0.0356355166661
MEzdmEIU,-0.469540585486,-0.631874361296,0.0847427752943,-0.00740074936776,-0.351288877127
MVnhtivm,-0.777053535588,1.37210172393,0.158021682279,0.406830234447,-0.0678588203756
MYU7WDis,-0.714807079619,-0.506074237515,-0.0492659927599,-2.05795782979,1.41401374625
MZFqh6yw,2.00225632077,1.04359623205,2.89445859606,-1.06046670739,0.509885916699
Mdgy4SsO,0.181722416055,5.8975083185,1.84990030938,1.9478176752,-1.42961855525
Mj8awnzy,-0.668449715425,-1.03580076614,0.392432454927,-0.734385289448,1.51834984401
MpFPbUJy,1.69072997472,1.68089607596,1.38366688885,0.718563489417,-1.16267327132
Mqk7MFBM,-0.0277812777594,1.12521644605,-0.535403778195,-0.403872193354,0.989958640326
Mqs2t1Eo,0.234031132827,0.791702613191,-0.243749140579,0.873787392325,-1.18180048407
Mv3jFVxp,-0.584328602591,0.639350532472,0.386157231477,0.216352848927,-0.292481770363
MxODTXvA,0.149363762358,0.861851285387,0.888091135779,0.203392428376,-0.924660601621
N46PbpPM,-0.509266303678,0.210192163934,0.0682830237662,-0.486529111751,1.53525282879
N5S5F9Gk,-1.03018556465,1.37406555228,-1.69893152491,-0.49152480304,0.500320029059
NLDg5fqw,0.538097796406,-0.385292459448,0.322193805153,-0.503130355404,0.16141571678
NOho2ZiM,1.38992172676,1.34937898653,2.42878943259,0.366343728631,-0.0640492098299
NUuY7PFU,1.40037043375,2.76585646639,2.39319981376,0.319167955496,-1.10072858974
NV1e8AEO,-0.178218805452,0.449000303763,0.454055831003,-0.28755967178,0.773379961489
NZLXROKC,0.230031276985,1.48430188532,-0.157645794224,0.992386700985,-1.27377105634
NaJo7C6o,0.537369621682,-2.19276678068,1.56943276855,-0.0435242125916,0.789956297388
NgsyGkrO,0.729721632042,-0.425695011465,1.05905175176,1.22151894206,-1.73610705372
NjOx4Zpo,-0.344965635517,-0.0465105339016,-1.37931809506,0.650630181505,-1.79957075512
NmQoI7x0,3.36951451611,-0.633338900344,2.05498742566,-0.523614699539,-0.567390585472
No4wkdLS,-0.39969045234,-1.32365806891,-1.89195287517,-1.20345981194,0.462759079393
NouMwhOf,0.0386794830203,-0.389335802882,1.12099929808,0.170194913481,-0.0301291679557
O6YAWd8C,0.285061050699,2.36067631628,1.35560373506,0.40962956065,-1.46285170477
OAXVphSh,3.11639322257,-2.28613402975,2.04458723073,0.0664015085546,0.300926386704
OJBBhb6Q,-0.451777796901,-0.980072407708,-0.940889848973,-0.686789735574,1.73761995231
OSIQXImL,1.12253228784,-0.167207848163,0.0947675983647,0.346363659695,-1.70861584836
OUUFc5Zz,-0.215519032029,-0.0721314428591,0.402314336739,-0.781675689467,1.21128369493
OVk1lquT,-0.236722096194,-1.16947698213,1.14633453036,1.62051583816,0.905777231431
OXdRxjzz,-0.624501468192,-1.34307153979,-0.548503193688,-0.0343907471235,-0.754657544275
OXxW2ekf,-0.129427355607,1.07274493037,-1.0861915677,0.170237013705,-0.295435760763
OXz5OpqR,-0.510360027263,-0.777587605139,-0.427690937399,-1.30274699428,0.779518447364
OcBFW1AX,-0.643353276104,-0.692293264369,-2.06606560177,0.600067908957,1.07763147528
Of9V2rpt,-0.507795735438,-0.823484699847,-0.500759587074,-0.103377484774,-1.16086368006
OfLxPhbG,-0.0500269677423,-1.70859902996,0.535809191637,0.0906997204424,0.405830594921
Ojx2vi48,-0.658269472127,-0.592805508743,-1.6616935759,-0.614671029192,0.847612837814
P3M32iuT,0.237998967592,-0.215867507763,-1.44345763354,-1.2285546797,0.490199371873
P7olVzrO,-0.302397367875,1.6359101056,-0.370383217672,-0.807856990503,0.357769025377
PAPHErnv,-0.46576023073,-0.446474976606,-0.47779660106,-0.301798085493,-0.468282800577
PBjEtfXb,-0.51050209786,0.618393627801,-0.705401081343,-0.0332787510838,0.394735967576
PZGpoBBj,2.31674772558,2.04731075614,2.12414452696,-0.299524983971,-0.822520527556
Pc2RrxXS,-0.4484407777,-1.13289901493,0.566611460858,-0.0830464286431,0.21201575095
PcHQ4FOu,-0.681269724408,1.17723075276,-0.52083665143,-0.122372449491,-0.598717513943
PeNyTOVN,-0.217768168277,0.563615582245,-0.557745319477,0.202412327524,1.58214274908
PhUPSU53,-0.514371766127,-0.2006849561,-0.523722531788,0.409494089834,-0.545880100156
PmUNeV2O,-0.525287461789,0.560978288079,-2.49831587183,-1.39542762304,0.686224087933
PoDJ0uvK,1.74436949114,2.35560268026,1.23447830819,-0.918918721763,-0.95221595108
PsUJdJdg,0.224285246274,0.520290921359,-0.0245191899385,0.756461551257,1.33035973634
Q3xLFx1f,-0.693176465661,-0.660590300612,-0.0693949742832,-0.382398914892,-0.766239169964
QBGxCvdM,-0.164964830766,-0.647066004359,0.694351187895,0.0471416182905,-0.775223275558
QCEPyu6L,-0.647729112634,-1.49734627515,-0.943396257078,0.491853062586,-1.33455773846
QEfwec4s,3.10919771161,1.01926501285,1.68240779104,1.42617704116,-0.311260820576
QZ87Nnr3,-0.238944741876,-1.1203391888,-1.53526971364,-0.973703447096,0.68911501385
QlyGN9jv,-0.424269830043,0.260881817794,-0.244140318864,0.541379031012,-1.09090911602
QqgWE1ny,-0.419823942966,-0.0881672767497,-0.263401247815,-0.118675269188,-0.485665059007
QrjjBpZd,-1.10334553484,0.98033323913,-2.53375003365,0.853479739789,-0.279064190372
QsaBiX7V,-0.31876520532,1.57112108791,-0.287115947151,-0.662810477423,-1.06711177934
QtBKJuZk,-0.708927125399,0.311380010755,-0.120240965123,-0.225581645563,1.30848504619
QtPRO8OJ,-0.599434442479,-0.90623509995,-0.998962520208,-0.498630417127,0.835794799665
R8XcsFnp,-1.69583947138,2.23182187341,-1.89729606532,-2.07901716698,1.41020062583
RROfRt9z,-0.192485774048,-0.631941779285,0.314871433831,0.568514382774,-0.584517672073
RTcbiDGq,-0.583731829129,0.173855995479,-0.353503668975,-0.37030457186,0.74216434703
RVidM9g0,-0.49475146972,-0.326505815725,1.48157051518,-1.37580166629,1.57017773534
RZnQSH19,0.0931236661443,0.146399144943,-0.0550386542067,-1.00089297637,1.16355137353
Rc4UK7fT,-1.37545390909,1.01739708294,-1.44605334175,-0.421180478251,0.633620914055
RcKBKh6B,0.0173857863308,-0.426923296496,-0.0769872636447,-0.283249369436,0.928549025055
ReM5kDa5,-0.652162322914,-0.621165990365,0.396097722236,-0.21363069369,-0.889444440054
RfntsotG,-0.508616557486,1.37291430819,-0.312162344085,-0.363726378759,1.09792545139
RiXMlzXD,-0.104894450554,-0.429729525299,-0.0478271603103,-0.381261121322,-0.165208964809
Rik83O3m,-0.292324562676,0.660025749741,-1.12150755713,0.202802964418,-0.401716460082
S3PCzDzO,-0.416971486315,-1.19167265829,0.0517587892259,-0.956242411033,0.959424638103
S77BviOJ,-0.250212581886,1.85559185473,-1.28973506708,-0.452144527534,0.225884609365
SDdvtktF,-0.616441735994,-1.27095606449,-0.552839659022,-0.504140995392,-0.0378270631389
SHs1AyfM,-0.254419900031,-0.196928364749,0.322134976724,-0.0835933366824,1.42705750017
SO4zQy9k,-0.357370617668,-0.606891095821,-0.624942318838,0.218761882238,-0.346149963515
SOOBCoiG,-0.736667713951,-0.729129258455,-1.22187487453,-0.994037189253,1.07890692504
SXkkPB7A,-1.32140167973,2.29714827668,-0.328213619378,-1.55956388623,1.20808193762
Sa93dGqq,-0.789527978945,-0.338345806441,-1.31841314227,0.836857747274,0.527090504922
SonIG72a,-0.624880432141,0.537678834981,0.140841931984,0.178480460549,-1.27876132609
Suf6hIBc,-0.34051438591,0.207043310466,0.250064981322,0.251156498125,0.0883989909729
Sx2JeSRz,0.0501851276939,-1.36737583712,0.0819096176296,0.63934914432,-0.668225661856
T1Tlftr4,-0.744878944469,1.86978457248,-0.306805356967,-1.31536262332,1.29283921284
T7ulR4ci,-0.592813673312,-1.07418433832,0.162221474049,-0.769107398424,1.03120348014
TA1NB3Br,-0.490965551216,0.521528409032,-0.0408539028069,-0.0145015459774,0.102075238459
TFZUskaK,0.305088067652,-0.992256435058,0.311158973874,0.744224692752,-1.60623160458
TNL8HGWZ,-0.42432589249,0.28173855668,0.195489176617,-0.225757301483,-1.20035398162
TZ8z1GSF,-0.497272881902,0.55639260187,-0.0718020046838,-0.0663210829654,1.07389975988
TqhRvkJJ,2.44190475868,-1.68486331507,2.01831666472,-0.0618670044745,-0.811106970541
TtJCUiY4,-1.05863322652,0.549377011957,0.161071480788,-1.73831100121,1.00851301087
TwDq0lua,0.992407187009,3.67324088969,0.994357804109,0.0564356687971,-1.57996139862
Tzyf02sI,-1.09160807736,-1.01227861491,1.01794145568,-0.583864849804,0.995301358228
U3yI6ZS5,2.13038299437,1.3696830827,2.25763490621,0.492308041749,-0.383874166782
UBLnXZAN,-0.869211672397,-1.21182321693,-2.77973254748,2.21721674087,-0.852749208353
UBWDzleg,-0.393597086894,-1.85049156046,-1.28240280361,-0.208705653601,-1.12332266899
UBqkX6SY,2.18600853726,0.492466630124,2.42081726102,0.0649215487476,-0.466408387434
UCIAi1Aj,-0.81487713793,-0.626846160655,-2.54367119722,-0.62312201011,-0.311839409026
UPbXGvCS,-0.434386285979,0.483224146044,0.987802609215,0.0771165019447,-0.752080139866
UeWm1l9F,-0.661244201185,-1.31941979863,-1.14009741086,1.7988796677,-1.25754475673
UhucscY7,-0.228465405942,-1.15413551632,-0.566976806325,0.775931913868,-0.89042592631
Uri1SvHV,-0.789961169959,0.228995211571,0.444137006094,-0.117490044665,-1.19450401639
UzxipGJS,0.135541120811,0.874172117256,-0.534683781825,-0.0816985924675,1.01365796093
V74zfaAQ,-0.409332698207,-0.187632125142,0.515809303338,0.313288562714,-1.1932879342
VBPxBLTh,1.55425658341,2.53587792079,1.81752126943,0.73528429138,-1.25404361211
VLG7CXYS,-0.119346324756,0.083588303034,0.214793164994,-0.0813485351228,0.978150468696
VNk52SpF,-1.34500076126,0.705411701626,-2.37007623456,1.65117821381,-1.55841370981
VOREKsok,-0.0505703373422,0.623562057814,0.261593209881,-0.519336974052,2.04978593536
VRhTr5pX,0.149036489625,0.524202435483,0.0697084135747,-0.431967625363,-0.107786124627
VTcG4Kcw,-0.691824545011,0.875417440113,0.225025550249,-0.966896160573,0.437780437361
VeKiWSbS,-0.380207426726,0.653133025717,0.336857600264,-0.00920949617943,0.312543606463
VnU8nJHU,-0.228975607515,1.16336888289,-0.167315149973,-0.438700151506,-0.241493604469
VueNCxYv,-0.483662953378,0.0278154942291,-0.529175943986,-0.146745222672,0.616649486595
VxuQTRUl,-0.454660742085,0.255607674811,-0.319508687296,-0.626563566731,-1.07770010572
W5lgaocA,1.29420819459,-1.1750394478,1.60090411961,-1.05864343984,0.619496929039
W5mMq9Ef,-0.972623667391,0.327276043225,-1.01637508731,0.453196015744,-0.766380923789
WDhNqFpS,0.35955369965,1.24350621511,-0.64053007913,1.37620871721,-1.58153374131
WE6n1kZi,-0.751030127447,0.358079532773,-1.68239949691,0.879870463912,-1.05114513856
WFk6r3vA,-0.225613758047,1.07407905092,-1.11379076201,0.138093122894,-0.401343990196
WFyIrsUR,-0.0735369187529,2.21626196617,-2.57548422505,0.596067687177,-0.487106906573
WG6ZAsqR,-0.903472717165,0.238228114978,-0.10794669452,-0.75783423477,1.31346321508
WMq3CZQk,-0.433484282823,-0.0881733934976,-1.29206141452,-0.144464443866,-1.78294460888
WRskmGjh,-0.310692679706,3.27830660378,0.0992130822931,-0.591716854005,-0.496224108866
WXijSglj,-0.803108181154,-0.696674602825,-0.711167585305,-0.479864816079,-0.281334282676
Wc0stQgu,-0.489200778341,-0.349659843853,-0.645228052573,0.381603222308,-0.385265259128
WewoSCUB,-0.656201668538,-1.04764849715,-2.33909949591,-1.02200893132,0.87205604701
WuHuhHWJ,-0.13844042776,-1.12749026111,1.26431540598,-0.448700904844,1.01787611901
Wv7EBtZb,1.72465596271,0.886353105777,2.01201816825,0.155198907238,-0.884064428348
WyPlxDn0,-0.658202021499,-0.459416721608,-0.437178616886,-0.277316725369,0.408781089238
X3WqoSNN,2.47221628092,1.9815905611,2.03387291875,0.659794239044,-1.05473920752
XDhyP9KB,-0.970196365533,-0.299257542862,-1.05951949097,-0.279014868852,-0.569380327485
XQxhDRMG,-0.952537267503,0.587192489728,-2.35196291072,-0.0984380997348,0.472320171949
XjLNAwxW,0.422666448945,0.363425446309,-0.282529310764,-0.0259173224691,-0.892682761711
XjfVQbXd,0.878231577092,-0.0893653079251,1.62432870467,-0.755060464386,-0.247445117552
Xovczbf6,-0.393937778885,0.0951581960207,-0.514812253822,-1.04116301005,1.38583980551
Y8H4onBf,-0.603838854146,-0.663149178408,-0.768572929864,-1.15447793,1.75980466989
Y8YgzSZ9,0.894002950168,0.778244618533,2.37986804766,1.05199554591,-0.332157797466
YC4PNV20,-0.446698693047,-1.13313319206,-0.613110460513,-0.432241982036,0.655955645892
YDHSCRdd,2.98634644199,1.11244762613,1.1681039519,1.84164339667,0.649336981171
YIJ87aME,-0.0292271743898,0.229141057274,-2.13523353623,-0.398666895548,0.501805052447
YKvT4dFv,-0.533355888182,-0.596942384117,-0.390922102389,0.114967210109,-0.334304932902
YNebALR2,-1.03195461958,0.227801150322,-1.99542965432,-0.520798771271,0.66186653166
YNrnqFyb,-0.334709154137,0.806232275681,-0.696780164087,-0.466677259523,0.92690655404
YUZ4lR3m,-0.510081444987,0.260596208021,-0.134577415749,0.334355782017,0.604401434284
YYLvjoVC,-0.0956725787235,-1.27716564744,0.6640648143,-0.020425695899,0.233521169998
Yb8OtMb2,0.0434226799656,1.62293813279,1.45663231257,0.574784421017,-1.29938771319
Ycg4lTYw,-1.0249421659,-1.02293766219,-1.98517614147,0.0410071843295,0.557595538107
Yfk6tekH,0.0857974540089,1.14732811352,1.12527058042,-0.714002719408,-0.645520050775
YoSfgmR6,-0.798665004293,1.61765560167,0.131620750643,-0.648409717189,-0.230713285562
YpzFvexy,-0.59762416415,-0.0599057098287,-1.15862133437,0.130974326046,-0.63110648362
Yxqppfa3,0.360355469095,0.165883664243,0.364082596271,0.781333558713,-0.94155483621
Z16jTUvP,-0.679114225345,0.00219248619732,-0.656517386798,0.272759805473,-0.147064497778
Z2BdCCbJ,-0.374084445892,1.0839993914,0.349437820342,-0.172404939488,0.949495286007
Z2JJMM6V,-0.443259489074,-0.532315078431,-0.318217511956,-0.280965581964,0.891566328894
Z5jE1OB5,0.0258440139183,-0.402822951282,0.764016868131,-0.151762368415,0.67110724962
ZFsIqYxA,-0.311104622162,1.48907709337,-0.174006217635,0.0184971944008,0.567299318351
ZHDVsoRh,-0.297789675504,-0.506785469352,-0.616376435144,-0.0428924408862,0.0553533405188
ZSmfu2Fc,-0.737210348069,0.799509850892,-0.114371399813,0.275470872688,-2.25454097362
ZU8YXF3H,-0.521917501276,0.106251063401,-0.127052073689,-0.980632731144,1.31406050722
ZXKaNy6Z,-0.578117645361,-0.581023256197,-1.0452403028,0.107426268452,1.7163042256
ZbYLo0zK,-0.770665588118,0.248091404868,0.0531082670488,-0.539075518662,1.24696908434
ZedN8Gcn,0.093799389979,-1.39842160357,0.101426675275,-0.871224960198,0.700304237127
ZgD4Dau6,0.125094004752,-1.78314581038,0.769619839137,-0.340659212869,-1.2483062068
Zgzf79LA,-0.88843244797,0.261242477377,-2.2243452153,-0.927269136524,0.402989093822
ZjqzxDOF,0.247444421904,1.97373244962,1.93777216818,-0.962489397486,0.954759076731
ZsZ5aDpq,0.586548025285,0.490125931364,0.561692652698,1.23627898364,-1.08642125924
ZtyqE7If,-0.0688868006407,-0.696630805102,0.367589105558,0.286144962124,-1.13308350897
ZvUgz01f,-0.435193256359,0.979741503905,0.205396004466,-1.2869774429,1.04989718494
ZwrhgdQV,1.83958666992,3.35228617381,2.21583398971,1.30397793443,-0.133113165176
a7bhJGBU,2.07220307717,-0.22005543409,1.97893669364,-0.0753264781026,-0.932597101043
aHpv6KzP,2.53112079921,2.1341129374,2.28662147194,0.515924218771,-0.829212541102
aINzEBVN,-0.585608795663,-1.43496178691,-1.40996463759,-0.915954997746,-1.0739946982
aP9EtTGF,3.01869166229,1.38417959538,1.8881913694,-0.403350897196,-1.19904354184
aV6EhtSL,-0.55947013135,0.982868236074,-0.332723446772,0.248866403798,-0.944375735716
aVZsXKoH,2.4256735126,0.53126304418,2.43722844733,-0.712934984096,-0.415840865951
aYVnVJvc,-0.324029588797,1.90127458707,1.04806343725,1.06663218067,-1.49625577819
abCzN1zx,-0.7128511908,0.454157797327,-1.52841646907,0.505376548563,-1.32821846726
ae7sMiB4,-0.0364216120795,0.449342674816,-0.915386251724,-0.197013926565,0.748364857124
afsVuCGV,-0.717321476039,0.809188324498,-0.28279863118,0.42119076522,-1.614660616
aiwBQETI,-0.112561743318,0.889842132984,0.951413650729,0.175908532726,-0.648756466291
aiyli4EI,1.1193571914,3.70966828558,0.858266776634,1.33725321704,-1.07829555318
apJ7NmzD,2.18311267426,-0.179954554858,1.8216823623,-0.215257905972,-0.954599984551
atVjNMtQ,-1.24934956263,-1.35424471183,-3.07466151245,1.39221255015,-1.72729753624
b5GirVGV,-0.329909887611,-0.234991807939,0.177428661951,-0.778868913578,0.943037771829
b9SpMjNB,-0.560087990493,1.14381467393,0.410522265367,0.21328985476,0.671582249724
bAFs37yy,-0.302384552149,0.143235100629,0.325259510585,-0.317439425268,0.803379970288
bDia1hHV,-0.259338139367,0.136438577876,0.652104349941,0.304799040733,-0.415393057167
bFkv5Mtr,-0.822687846826,-0.520169722976,-0.677805775306,0.16485350672,-0.597106285763
bHe2IXgA,-1.40671567193,0.666132613896,-2.88151059111,1.93306729017,-0.926641112884
bWX3vUm5,-0.238426320121,0.368824326598,0.348785916469,0.121991697037,-0.731634629153
bat8tcGs,0.122039937678,0.395357377595,0.846177531948,0.240168004066,-1.61516466397
bfjej4wu,-0.694917310929,-0.198235768711,-1.6040209815,-0.517703411157,-1.35710835255
bh04YDiP,-0.0158100580589,0.493372785569,-0.148790872852,0.339437363015,-0.789337908484
c110Fdc8,-0.319116530198,-0.352222582866,0.220083469309,-0.120886819686,-0.0328979806287
c32GUzMa,-0.495115926636,1.37239217534,-1.84497331606,0.594783167522,0.851804481367
cT6uU0B0,-0.669391074199,-0.921537543057,-0.759329886496,-0.138281474061,0.239843785924
cWXCiFwh,-0.699741046729,0.985208700992,-0.774921572885,-0.247730396064,-1.1719126704
ceNvS3yd,-0.359985455694,-0.575718781726,-1.00636251268,0.122064777336,-0.00457397032775
cmwdt4Av,1.48571959824,0.161335905721,1.46847369163,-0.171865793019,-0.492225372251
cn4EHsup,-0.598120854898,0.773742297176,-1.47903254903,-0.435190428928,-0.300799879835
crVOGGTT,-0.200693302566,1.25288530315,-0.700243009782,-0.84845621285,2.25691209093
csPEJ1E5,-0.257126385682,3.35645501587,0.13345512674,-0.304228536407,-1.0259763752
d0UrRtMk,-0.835107858296,-2.68874021846,-0.644198995822,-0.889672863167,1.23854203291
d6LU4G4I,-0.733545598133,-0.0583133000435,-2.15557920975,0.696650309754,0.101786426906
d74T1DVv,-0.425469685094,-0.0986911521904,-0.839692973241,0.917705705215,-1.40081805282
dR6rM1tQ,0.156176590949,-0.377639563832,0.64455642938,0.409451435337,-1.05215825576
dUNxOoqg,-0.47473722839,-0.586084168094,-1.56068545461,-0.459293283123,-0.290478615551
dUnlyhj7,0.601338940735,0.586739593374,1.01814415039,-0.301916261285,0.49910222752
dVDlnZQ6,-0.939852735219,0.356594357898,-2.69661338075,0.340439961664,0.526546273864
dVT26GDu,-0.50634625267,2.17127906862,-0.799712325737,0.164592211497,1.84391116892
de43ycXY,-0.718573375111,0.298162294583,-0.0647851451119,-1.96735226175,1.70613916772
dfIn7m9z,-0.423120382894,0.573741244219,0.189015070106,-0.0404864476238,-0.612523642203
dhmb9ZY9,3.52423776643,1.91257940681,1.72834053234,1.00264745556,-0.490307900729
dn8kCuyf,-0.336352786104,-0.291605096144,-0.899001995766,-0.0206419692744,1.48584700408
dpcquvWW,-0.241872472268,-0.778290272477,-0.623443412695,-0.345915851616,0.275006263776
dqcbIMyr,-0.891684397947,-0.506629295636,-1.56389946804,-0.907644762827,0.154140672541
drWgsBf5,0.135327954755,1.25169592699,0.342810681524,0.138499059757,-0.565060788553
dytx0HSe,-0.699807958116,-0.420510552005,-0.584031043367,-0.946509455596,1.64058127679
e4KkkIha,2.93228557687,0.216493070905,2.86829608423,-0.525702295665,-1.02362181051
e9YorH4m,-0.481122945472,0.956289421957,1.73440083193,-0.7976872918,0.766131796702
eB9gVQ0R,-1.3797726354,1.27338753911,-0.341098809652,-1.38339040338,0.824021273608
eMhLFqU6,-0.729459941797,-0.121660689469,-2.69138893554,-0.364302247723,0.197562248928
eMllg1qm,0.61216934657,-0.596182237204,1.54506440001,-0.137857181941,-0.669364530601
eNPunZ9i,-0.627527955029,-0.665870590692,-2.76585847108,1.26660388477,0.438796731902
eS5BSM4J,-0.577211464278,-1.33262555897,-0.344380584409,-0.677076946447,0.873610353882
eVGMFoOI,-0.636094175164,0.24087537729,0.603916716726,-1.10645513323,-0.307317063667
eaIwb3rG,-1.05827835206,3.1232146066,0.582576601971,-1.36833782557,0.968635396236
eyzw8Vis,-1.36788513352,2.86539381348,-0.9253945515,-1.74415473688,0.836302528089
f04Ke2bN,-0.725781717738,0.99786492472,-0.266963656232,0.442734112956,-0.475270941964
f4GA0te1,-0.388455675726,0.116298259194,-0.396920510438,-0.31864655069,-0.522072811457
f7bd91h5,-0.506760888942,-1.71785864363,-0.244718774232,-0.668467851592,1.44437672907
fB7z9ndr,-1.42314942558,1.58683696035,-0.567014298692,-1.06945948372,1.73941991739
fEe7AWFA,0.23014564141,1.41493143501,0.0910410562719,-0.4139520713,-0.470143296889
fJJIbgY9,0.817898224237,0.389798875294,1.16171649611,-1.54903536129,-0.0863303425066
fQBURMvg,-0.151504553632,1.79479761059,0.178479743745,-0.0543056876534,0.621255266075
fS0HpOub,-0.0880294109392,-1.01580703047,0.254537748434,-0.34407362203,1.48345858243
fTDXauuk,0.171670639026,0.802538419254,2.0572687137,-0.448933959962,-0.35941533418
favPNA2N,-0.39866613976,-0.372953238166,-1.51240975982,0.69498921729,1.16633989276
g3Fv0U4k,-1.37220976751,-0.59201582487,-1.91800198736,0.850248378116,-0.164575088972
g5PKo2E2,0.558590757208,1.30010395848,1.07799029433,0.00700897877422,-1.59661105513
gbjnD5fe,-0.0412956240831,0.962840521473,-0.595456586704,-1.06695992826,0.356968893594
ge9zqXCv,0.167570276879,0.261085051541,-0.159684244482,0.379310214698,-0.995715045804
geeqJpSE,-0.25697391248,0.424156693129,-0.236146800423,-0.35585079627,0.221337866013
gqy1J2RS,0.25899236464,1.21022379673,0.854515392045,0.519761048145,-1.51925570955
grlUtS3H,-0.122978440508,-0.232251631226,-0.0409750199302,0.350153124083,-0.435646767339
gx965KYj,-0.39004565171,1.86550961365,-0.377084932783,-0.641465198888,1.09005029631
h3F08Vjm,-0.62565071888,-1.49507431693,0.456683619129,-0.183120202848,0.465307283761
h6FQG8Iy,-1.11352047814,2.42983965795,0.432751227243,-1.22447892474,1.09557089124
h7ftM8b3,1.99090476262,2.99855398073,2.90259557697,-0.363095862715,-1.07551851857
hLrCHXZv,-0.0695195687432,0.615481445913,1.13589492621,0.213468836244,-0.415913376127
hQ6VBuFx,-1.0065346535,1.51793141515,-0.469838108837,-1.04335601381,0.57183210039
hYoR2y7w,-0.176385778626,-2.12856916185,-0.159607272198,-0.0590369030186,-0.739533559611
hf65yZkM,0.370643853145,-0.203007484488,1.08371631062,1.33794502014,-0.759258169092
hjuwe1x4,0.0180396407037,-0.00477158984481,-0.403263014986,-0.998418359648,0.301190069335
hyINlsFR,-1.39197932224,2.01060238199,-1.8986725319,-0.951981539214,0.138899635866
i0Qlm9Bv,0.462298636283,0.732048308856,0.786280030126,-0.09757348335,0.68882428911
i1VxfxMb,-0.218079689236,0.0383095194206,0.548852264301,-0.481420132449,1.11252146314
i2l6jXNP,-0.386489612588,-0.00863416242067,-1.155454843,-0.505296977129,0.78754069478
i4FgPZv7,-0.699412579719,0.219149697646,0.429168173695,-0.733480387042,0.437700492564
i7XtIkSi,-0.217518427202,-0.875223435681,-1.17671213278,-0.096282497842,0.587184541651
i9z346Ut,-0.696146559656,0.0442070659838,-0.194157385171,0.775547616543,-0.381656285236
iDOat4cZ,2.6859420101,1.77603476266,1.76864119496,-0.0619133981138,-1.22600297755
iNv6RoSO,-0.20175995074,1.85976756014,0.393866244797,-0.0905414376311,-0.722163167157
iSL9NYzy,3.13146222399,2.82792947091,1.47967756238,0.859737542535,-1.07016636557
iSqVc1r8,-0.846446741557,1.48980995118,-0.00155631143754,-1.45098887783,1.7874315038
iYZMftt6,-0.319015639243,-0.919699830882,-0.170158624618,0.0531803291508,-0.0175715618638
ieTPaa3c,-0.735291351968,0.852727027347,-0.784091421604,0.363037422803,-0.287703369561
if7BmzU0,-0.416349832868,-0.328248940446,-0.545964096083,-0.432745292231,0.2217523867
ihNz5bmx,-0.363868388392,-1.36897815603,-0.197855329705,-0.198677779084,0.0444559555011
ikJXKdIN,-0.615964378813,-1.83608128612,-1.73629708197,-1.32519052528,1.53979589389
iq2kxikN,-0.252241874984,-0.577335147126,0.81211101866,-0.253796866714,-1.15070400775
iuZEDJK7,-0.25313774505,0.229147638142,-0.365904527755,-0.476352118902,0.312208055734
iyF8gVT7,-1.33164234332,1.3280454217,-0.541928998457,-1.45897146874,0.245379063012
j06qdQ0V,-0.309314626591,-1.31763662981,0.282006016779,-0.143268718688,0.639334909158
j7hl8svO,-0.0724613554177,0.648862134809,-0.307463451854,-0.25804428766,-1.40397681188
j8hMoJUN,-0.338400313821,-0.905706082396,-2.23812818437,-1.08176319289,0.644393277344
jNaFasbV,-0.493147521187,-0.620825990751,-1.14846872001,-0.0609165891241,-0.770061108812
jVVHeYHT,-0.85314857071,-1.28781679801,-0.343163344924,-1.10324111551,1.55972619538
jXm4ySvK,-0.307607598242,0.341661644016,0.218428923039,-0.2591652297,0.101620248744
juO5ii5l,-0.972625598072,-2.01327596983,-0.189090109189,-1.32743457548,1.43403634393
k2hdEBsU,-0.517959830843,-1.04613085273,-0.485935504126,-0.382912258062,0.824843669817
k3ynMfhN,0.528304260012,1.74390584001,1.72067744801,-0.230830596689,0.148508067744
k9C9yBtr,-0.0799625565497,0.0727995530279,1.02003001473,0.52705766725,-1.02079184741
kAKRvcRo,-1.55598771588,2.73703420072,-2.04045130735,0.329053110435,0.107701093842
kBi3R2oC,0.403889270302,0.265390386732,-0.724073009788,-0.907005641768,1.29945420927
kDWmnsXe,0.166254072054,1.25484336544,0.900808758363,-0.200157993937,-0.442283668886
kSGBd2Vh,-0.374017550835,-0.414871739498,0.15115516356,-0.183039894985,0.342784756998
kT0miHPT,0.0302085082655,-0.352760902678,0.276600221459,-0.76676642883,0.141629410257
kaW0TfRn,-0.559264484938,-0.204040490129,-0.605932272509,-0.111944881176,-0.91056330176
kmg3SowO,-0.843409787221,-0.762884376052,-1.05453771559,0.586180930201,-0.704198671699
kpxKSlnF,2.31030674391,-0.00331343192853,1.65282019835,0.0417872722762,-0.133940914901
ku2cn1MV,0.620894714205,1.41630564834,0.91987974593,0.00384004060714,1.16207213713
l1su5HU9,-0.163685611214,1.40414767708,-0.654113322584,0.0391272547605,0.798789808097
l8Tg2RvD,-1.08541310966,0.586690184123,0.0482775520152,-1.37528528833,1.58932062774
lB6NsVOc,-0.598263210554,-1.06457405871,-0.777168654971,-0.766747782739,0.952400793334
lEcdVyKk,-0.555317938242,-0.404742607927,0.22116576792,-0.799241671361,1.06068092369
lH4TasGl,-0.126888662141,0.741794260053,0.703626309578,-0.920568103856,-0.420576108549
lO9aggHW,0.18139929679,0.406312640578,-0.88682729969,-0.0122692888359,0.522289092471
lW3m9Vzu,0.0037148999747,1.0091566909,-0.640994593529,0.519947798072,0.365125971832
lYLseGDP,0.00737804169967,1.45810139216,0.755371272941,-0.121823150894,0.530986610308
lcOnCdZi,0.090970232747,0.956691862542,0.81409720498,-0.912461302475,-0.391725261209
le9YGwON,-0.320995690502,-0.138495660454,0.536860233535,-0.457686606187,0.438586553594
llMvu3TX,2.67461490348,2.25035570525,1.47012032526,-1.66453735312,-0.000535959976788
lnHh2jFO,-0.296558815456,-0.301485467406,1.09126147045,-0.800900561235,1.57940501906
m07CVXd4,-1.27685064878,1.63859982178,-0.279320050237,-1.94249510573,1.64548552888
m1lPk91z,-0.687454192976,-0.0814123361215,0.835046184784,-0.375799375141,1.10420735619
m9IQdmwa,-0.0928199004296,-0.964044384843,0.237180075849,-0.677795409062,0.806987562345
mG9BRy5x,-0.27611552735,3.15008347975,-1.03896250257,-0.678932028985,0.0264619866537
mVHXnama,-0.28940855319,-1.42086397786,-1.51486681869,-1.23072588443,-0.554459632689
mXyrR6nU,-0.561494875784,1.18120179969,-1.58815013491,-0.535227802401,2.54760407482
mbzNdxNc,-0.528615237532,-0.561486531521,-0.523158512138,0.739490530997,-0.529562198615
mntH7g3L,-0.841603662698,1.88143826805,0.436856478667,-1.68666528802,2.43465730426
msRTXP3H,-0.344826146685,1.72193883516,0.298883052373,-0.0475637519806,-0.150026846688
mxBjvIPR,0.0805505063873,-0.442392078736,-0.489605196212,-0.0475801343941,0.6298277402
n8Opmfbz,1.57224772579,0.470111295742,2.69776298041,-0.385387027037,-0.173025343457
nOkgU29Q,-0.829247322772,-0.324708201897,-2.05187279781,-0.157891107687,-0.988953983831
nhttf7VM,-0.153115695008,-0.415444242128,0.496524899208,-0.344402649216,0.489030349338
njLbXYa3,-0.430389786904,-1.26764587395,0.321180652381,-0.669166179614,0.0391793434909
nwkIpzmh,0.363366872859,-0.36893394075,1.37509433528,-0.293184527886,0.670015888078
nzB1R9Zg,-0.682022911856,2.70710846808,1.10651921503,-1.10505951704,0.473500270837
o1rZRI84,-0.146576568869,0.697244404128,-0.490396120435,0.711879316841,-0.0240081881323
o7q5Mbty,0.916706613757,-0.271949523389,0.863188958483,0.179765347595,-1.17695226659
oCBvysqB,-0.420141342007,1.55355739603,-0.978576269063,0.0955021279916,-0.420712013759
oDmycTPH,-0.598443425413,-0.845914769309,-1.53263092456,-1.25566496576,1.93777699226
oFAXZvQv,-0.551693728901,0.841305971027,0.556889519904,-0.512227597123,-0.217251337866
oHE3M1zX,-0.139923257969,-0.291527924643,-0.130209251859,1.37739132562,-0.22113222336
oMhVmSpV,-0.771794895555,-0.667366875768,0.0261297953913,-0.794199034219,-1.61816916656
oNsDqVbi,0.315690486826,-0.22752421968,0.91651505289,-1.09793003424,0.0933407846007
oYAJqQk8,-0.540984513671,-0.152257875222,-0.869081552146,-1.27974121098,0.842928483655
ob5Kb6dW,-0.885956547595,-0.789844134094,0.19400098986,-0.51836675972,0.91338266383
obnzqs79,-0.413062560005,-2.0870935375,-1.53095459306,-1.1619933523,0.40586429067
oncLcgRP,-0.314508517895,0.187338388246,-0.277726731094,0.524694687552,-0.566005649045
ooWVYaAe,-0.960685877981,-0.960436773629,-2.96766842631,1.16750508223,-0.196781283898
osdyOUnV,-0.746998391813,-0.899401118046,-1.50817608886,0.527539962818,-0.0758724929979
p7H9CzCv,-0.653569937646,1.38604653282,-2.09591026425,0.235238400178,-1.03149996665
p7U9hVhY,-0.479792558874,-0.370456787682,-0.348028017338,0.198484276904,0.0875681920416
pE6Cf1RV,-0.550144305785,0.72547539728,-0.365099321708,-1.34758781868,0.891644170401
pI7qzotI,-0.785602417649,-0.635621010661,-0.985035198195,0.658972958993,-0.599981803879
pJrIA4sk,-0.648823284355,0.761877264198,-0.594984780839,-0.214579132188,-0.140503436416
pXne2CLZ,-0.511011175536,-0.913598175117,-2.10337108338,0.879138592174,-1.44384653741
pZMcDIOS,0.314258061775,-0.463322846847,0.368226113177,-1.20111063469,1.55523855223
pavfp3cc,0.138212483167,1.50404902967,-0.571242494572,-0.0138480493375,-0.190494270067
pbQdC5L3,-1.11014207877,0.601552033606,-0.785097867973,-1.60085573781,0.996391337306
pgj7aAFP,0.0860082026935,0.139486883727,-0.364041167282,0.113429219505,-0.195554495585
pxg8G3ed,-1.49441914236,1.37616475353,-2.03314381828,-1.36453446992,0.273535311945
q36Npk6l,-0.917768988032,-1.64753058221,-0.882328507593,-0.92196926624,1.89396534169
q4aDOVvq,0.970262633798,0.564402223718,0.7242449915,0.600307401224,-1.73547935976
qGmfR9CN,-0.359517858859,-0.437977900699,-1.10235445316,0.103140102985,0.139961249643
qJ51ODpA,-0.571475774792,-0.320188159244,-1.03188711088,0.988403136279,-0.274317563328
qQX3cs3I,-0.668968598853,-2.26364484568,-0.444536829144,-0.988028490447,0.921832682115
qXeIxPb8,-0.385885129326,-1.47963535072,-0.430408138117,0.0847205722084,0.676331941743
qYQ4MShM,0.0775151155229,-0.107950445532,-0.772569163843,1.37547768038,-1.98633042483
qa0etnhK,-0.601481666236,0.440470496584,0.105913216315,0.695773373335,-1.07120579891
qbL4sboq,-1.13704446342,-2.59761306372,-1.95285368557,-0.897061053321,0.320959457078
qbYrsWHq,0.471941276901,1.44238825036,2.6400225874,-0.586347165018,-0.0451112446924
r1zmcUqQ,-0.0912488391818,1.11569489602,1.43094646953,-0.153796513656,-1.96092970287
r54iHeQC,-0.310726705992,-0.163012983704,-0.220492465134,0.0447537887842,0.181996875341
r6xrAnQV,2.02909850314,-0.47266301275,0.708298775709,-1.53656070545,1.4555277887
r9HxnQDg,0.0998095013489,2.11494832112,1.63054241778,0.309646750903,0.741858028187
rG8Puuf9,1.09755198008,1.43807948033,1.48248369633,-0.303988925686,-0.475440854639
rGuiefuR,-0.529998877882,-1.33863567327,-0.974806978936,-0.436850560544,-1.47483239488
rJ19OhGP,-0.455785610339,0.163437622047,-0.341072223846,-0.31456169368,0.736390504543
rOCYepHd,-0.236499445287,-2.43770391858,1.03147116897,-1.23876970736,0.427642319252
rQJaOPFI,0.437189852447,1.50374927045,1.48044887163,-0.214194154427,-0.258100157007
rQhZtZeh,-0.31687341595,2.42783554391,-0.172995574814,-1.03080614616,0.657876218414
rapmok0w,-0.921026459892,-0.421056425362,-1.58186824997,-0.0609501984991,-0.674590020717
rgzfnPVu,-0.455193583979,-1.13951861173,-0.0416497303083,-0.981343935713,1.42343975596
ri4qhb1S,-0.116868564659,-0.193677232866,-1.60185892733,-0.430389956857,1.67163734663
rqpFYzff,-0.250914724472,4.37857587495,-0.50273968109,-1.06649633075,0.166098094206
rrs22coX,-0.413861794832,0.778134122545,0.24812707324,0.0128660891941,1.23550344118
sEeUCQLc,-1.06236620711,-0.629530754006,-0.255681666672,-0.265593536298,1.07750272655
sHScwqQl,-1.2873961,1.95432544265,-1.16507464851,-1.84296581261,1.34531354344
sNC7DiAt,-0.188164133362,-1.22623267365,-0.739212618132,-0.808359290157,0.780047947189
sNK2TSs3,-1.01988770096,0.704411957053,0.509215377596,-0.698299877915,0.658113663565
sO7Su6uw,-0.635519561843,-0.166982338063,-1.96757255016,-0.666041621983,-0.2232978524
sOWZx89o,-0.390241976915,-0.349718317465,-1.61231513531,-0.150035321997,0.112556211146
sPbRcPjC,0.212232956923,-0.685672230574,-0.439149633537,0.33425144027,-0.601952414047
scVUfTKI,0.912437518508,6.19068679689,0.595390131513,3.13530322965,-1.32926350334
seRaGeVv,-0.246391952309,-1.85613379531,-0.363493103952,-0.514381763317,1.42458534038
sgtwiYWi,-0.526010498624,1.7293889452,-1.4713461999,-0.214994204576,-1.17459304823
sjmLHcT6,-0.423599337693,-0.389368931862,-0.933887640974,-0.919041293503,0.602839594765
skZUZZGS,-0.185615121319,0.206321055872,-0.172878074383,-0.756682751153,0.261982430171
suAmzADX,-0.594497312644,-1.13980309067,-2.93878611733,-0.123138301104,-0.706569231849
t4GWLqlO,0.594437988431,-0.800056043447,1.29165885365,0.380959195581,-0.263633496934
t7gy6Jyy,-0.300314889718,1.96928623827,3.37232706772,-0.804648962943,0.428569940448
tBadzH60,1.77781869832,1.39548977431,1.81037218993,-0.530179428229,-1.4944333474
tXUWm0hp,-0.328346183648,-0.0913623567748,-0.293333832872,0.484396419135,-0.88453471889
te6UPPxf,-0.83564924395,1.94192318192,-0.699676994227,-0.688358656116,-0.980709040181
ti2lamkL,-0.281772250012,-2.57824546321,1.13317208677,-0.482204744554,0.226983365048
tr0lpwuU,0.154363248594,-2.56152576208,-2.27388967387,1.52074924909,-0.958339375491
ttdB5C73,-0.520493732644,-0.859010458524,-0.33513796222,0.0775138655204,1.57983113772
twS8YZu9,-0.453503898117,1.48952130736,-1.55623098189,-1.20824661361,0.190110769815
tx68W34H,-0.410787563094,-1.87110534368,-1.12528848749,0.495610125285,-0.779297010163
tyQSX4mY,-0.740813989555,-1.22973585635,-0.472874050315,-1.01216743859,0.757179972058
tylKCRc0,0.426442576367,0.703299461774,0.683424540021,-0.362009216285,0.548172998926
u1544WUo,-0.0128153165125,-1.04374408887,-1.33396301615,-0.465804389664,0.961387983114
uAw9an0d,-0.427144149621,-1.63145186235,0.323520723782,0.0422838554768,0.416331650399
uLZAEXMG,2.72838344054,1.78960981309,2.1661269065,-0.645145125032,-1.93566688988
uMwe1s7I,-0.22023264944,1.44183723976,-2.34813282064,-0.177056022214,-2.19692852341
ufhGeV3q,-0.142195786915,-0.634730945249,-0.129268492516,-0.717854616652,-0.112458549069
uhAeGBHo,-0.748151348838,0.131703286479,-1.80692740695,-0.452664226556,-0.994852555545
ujHNlqpw,1.69189498329,1.92074269356,1.6227391102,-0.372484503083,-0.632515508067
ulV6kuhB,-0.211508776952,0.932290437232,0.329601620132,0.0857527520968,0.0216510848629
uohEnNEK,-1.23163115505,2.66935873044,-1.93475277845,-0.122883031706,-0.0635668124582
v1lhA8I4,-0.536342920338,-0.424270795378,0.664321599999,-0.630131902697,1.29156542143
v3JzigLI,-0.792456576522,-1.22743078971,-1.02716470076,-1.04471482899,1.90341399947
v5IwjyIg,-0.502587125564,1.26550414961,-0.346261592217,0.322314832685,-0.424926117632
v6lp5TK1,-0.676635085425,-0.636209937829,0.310371311123,-0.295891502462,1.00212607267
v8vOaaWq,-0.818688810225,0.0302000596255,-0.77134226246,-0.0238245244126,-0.773781232849
vAYKtoil,-0.251017129952,0.875916717829,-0.599011581701,-0.104366674348,-0.306030602894
vGTNQa6G,2.27054136324,1.38113260823,1.67693434519,0.736231600081,0.0823212688667
vQzNxHoL,-0.638324703064,1.97899724665,-1.31271200523,-0.165277959497,-0.39747921336
vfZGBUJm,-0.159124886964,0.0243252460748,0.116344813837,-0.116908837801,-0.0288479512059
vlooVUoT,-0.417399779092,-0.077871817787,-2.21788789712,0.885140994799,-1.22131248139
vrACvd4O,-0.348392724255,-1.51020203562,0.715465158883,-0.40677565479,0.618511142901
w8hdjLwb,-0.391406698097,-0.132269997023,-0.383684131657,-0.508244215449,0.980233166278
wAntv4gH,0.0654570002814,1.11846247244,2.13375741537,-0.773316528089,1.22350294135
wIUL09q0,-0.550745145381,-1.1252935138,-1.27880530297,-0.561267786328,0.770548066806
wOzx7Fgz,-0.537156300479,-1.21760146659,0.598006482737,-0.569761774678,1.46681427308
wPhjhCJQ,-0.330464915071,0.857457201369,0.176427579901,-0.586960559995,0.984169370518
wQSWWmYB,-0.542605123928,-0.315828266127,-0.83064614196,0.0900294233567,1.99334388098
wdIMrXwy,1.94087861911,1.07392871319,1.97628341629,-1.41839877968,-0.271364403122
wiL9npQc,-0.728032537352,-1.56198169797,-1.08029512218,-0.114947923396,0.0824402684005
wnU95Cxn,3.41110965536,-2.76667012708,0.63606123083,0.302066748956,0.119607767766
wpJbbjJs,-0.113370988194,-0.642322378107,0.701095814816,-0.439075373954,0.526861859287
wsOWTAbI,1.79462154586,4.75482831552,2.10705673504,1.29714695653,-0.571378315796
wtdBcU3U,-0.534671137629,-0.628910913695,-0.110580421464,-0.635263896215,1.08998033655
wuKXVxOc,-1.09709019578,-0.518778475462,-2.3999525656,-0.434113826758,0.71973230028
wyzadAt8,0.178782313328,-0.10842621144,-0.37346757508,-0.85314986632,1.0332676082
wzaKzYwi,-0.310327830389,-0.449908212354,2.54965061911,-0.411269306846,0.793143404193
x6GCk4EV,-0.354647647569,0.33233055638,-0.237666996753,-0.284263917558,-0.232052207534
x6lUi3vf,0.533873424534,-0.0371933778968,0.835357534999,1.29990814406,-1.84619853307
x8mwDHv9,-0.645519074674,0.239865708133,0.329219779531,-0.10088074574,0.711005268159
xIYm6puH,0.0940889021099,4.07558336523,0.798320910013,0.648487213182,-1.71624976057
xO6UdpsK,0.0128173349728,3.49010601425,1.31431143923,-0.143527776883,-2.34275451104
xQ2bkOvj,-0.403773825419,0.242030323486,-2.15204636063,0.0815462366826,-1.33236653335
xeXyDCEQ,2.48046038828,2.5567291388,1.31072844856,0.393733776895,-1.50392923116
xrggHziO,-0.0521125629865,-0.681068129491,0.109224312245,0.115090072275,0.374906880288
y1WMCmqQ,-0.352368604416,0.827769427942,-0.88871021078,0.505891142929,0.324543785626
yDngezhM,-0.50813320177,-0.723220063996,-1.12602138797,-0.474481605372,0.311215501871
yLiFjMD0,0.0857543412814,-0.0815522985564,-1.05281656414,-0.446748563211,2.63146727947
ySwEBO7w,-0.785881689137,1.42148456803,-0.412916966385,-0.046165948062,-1.3184329532
ydC9UsSm,-1.06083708084,-0.884644243467,-1.78924987376,0.580555478496,-1.18212109852
ydEG4VBd,-0.735143860756,-0.132123601051,-1.48334989458,0.255118288059,1.08115872363
yf76yWXc,-0.72638501082,3.8056683359,1.08209184501,-1.15701402136,0.758000439516
yg70e63n,-0.0541481921534,-0.061961431021,-0.398487067606,0.118346696175,1.04061405638
ywxtlSKv,-0.0928980715457,2.24232619117,-1.02216140216,0.920967066203,0.389039307412
yzKPQPOR,-0.676384091955,1.82024724879,-2.23009829139,-0.739606361165,-2.15535921854
z5cnOnZ1,-0.709973437231,-0.0140881993999,-0.148927289999,-0.370283619965,-0.305307187655
zFLkOE0e,0.44403169515,1.25999891601,0.614986186232,0.836687539822,-1.3284425884
zGi72mxL,-0.123095863738,-1.18307486123,-0.121080597922,-0.0971439610827,-0.425537345598
zN925UV3,-0.817809468131,0.176553722581,-1.77413531055,-0.205830955521,-0.537783146551
zTy2ih7e,-0.822969510083,1.37460882057,-1.75682831143,-0.70244090394,0.45194200231
zVFzAutw,-0.0467036298768,0.889771196967,-1.17951181819,-0.149297849773,1.53723203045
zYxNAkht,-0.5292285145,-0.686920706449,-2.10300790836,-0.591458686041,0.776582779977
zaWDBai3,-1.55234972684,2.26886012358,-1.32112006665,-1.21953399742,1.0743208024
zg3u0Zsx,0.0465392110909,0.716707061254,0.0115837353746,0.321342252789,0.78909780151
zlwLfdsS,0.249147280275,2.72941686101,-2.06229312471,1.07976330852,-1.45247200854
zmbKzVfl,-0.311574440149,-0.811864121293,-1.85647370507,0.152545315002,-0.159408398109
